Workbook

Sheet Resumen
A1: Dashboard de métricas
A2: Resumen automático — se actualiza al llenar las hojas Checklist PR y Datos.
A4: Ítems checklist | C4: Cumplen | D4: Pendientes | E4: % cumplimiento
A5: =COUNTA('Checklist PR'!B5:B16) | C5: =COUNTIF('Checklist PR'!D5:D16, "Cumple") | D5: =COUNTIF('Checklist PR'!D5:D16, "Pendiente") | E5: =C5/(C5+COUNTIF('Checklist PR'!D5:D16, "No cumple"))
A7: Estado del checklist | C7: Métricas clave
A8: Estado | B8: Cantidad | C8: Métrica | D8: Valor | E8: Estado
A9: Cumple | B9: =COUNTIF('Checklist PR'!D5:D16, "Cumple") | C9: Reportes registrados | D9: =COUNTA(Datos!C6:C37) | E9: Informativo
A10: No cumple | B10: =COUNTIF('Checklist PR'!D5:D16, "No cumple") | C10: Total de registros exportados | D10: =SUM(Datos!E6:E37) | E10: Informativo
A11: Pendiente | B11: =COUNTIF('Checklist PR'!D5:D16, "Pendiente") | C11: Tiempo promedio de generación | D11: =TEXT(AVERAGE(Datos!F6:F37), "0.00") & " s" | E11: Cumple
A12: NA | B12: =COUNTIF('Checklist PR'!D5:D16, "NA") | C12: Tiempo máximo | D12: =TEXT(MAX(Datos!F6:F37), "0.00") & " s" | E12: Cumple
C13: Tamaño promedio de archivo | D13: =TEXT(AVERAGE(Datos!G6:G37), "0.0") & " KB" | E13: Cumple
A14: Estado global | C14: Tasa de éxito | D14: =COUNTIF(Datos!H6:H37, "OK")/(COUNTIF(Datos!H6:H37, "OK")+COUNTIF(Datos!H6:H37, "Error")) | E14: Cumple
A15: =IF(C5=12, "CUMPLE EL ESTÁNDAR", IF(D5>0, "EN REVISIÓN", "OBSERVADO")) | C15: Cumplimiento del checklist PR | D15: =E5 | E15: Cumple
C16: Avance de revisión del checklist | D16: =(B9+B10)/(B9+B10+B11) | E16: Cumple

Sheet Checklist PR
A1: Checklist antes de un PR
A2: Plantilla: elige el estado en la lista desplegable. Si no hay dato, queda en NA.
A4: # | B4: Ítem | C4: Referencia | D4: Estado | E4: Evidencia | F4: Responsable | G4: Fecha | H4: Observaciones
A5: 1 | B5: Formato elegido según la audiencia y justificado | C5: §3 / 02-formatos | D5: Cumple | E5: TherapyController.java: comprobantes clínicos en PDF inmutable; auditoría de precios en Excel/CSV. | F5: Comité Estándar | G5: 2026-10-06 | H5: Formatos alineados a la audiencia clínica y contable
A6: 2 | B6: Lazy import de jspdf / xlsx (nada de PDF/Excel en el bundle inicial) | C6: §5 · §7 | D6: Cumple | E6: vg-web-sigrc: dynamic imports import('jspdf').then(...) para evitar sobrecargar vendor bundle inicial. | F6: Front Lead | G6: 2026-10-06 | H6: Bundle optimizado con chunks asíncronos
A7: 3 | B7: Nombre de archivo con el patrón definido | C7: §6.4 | D7: Cumple | E7: TicketApplicationService.java#L43: String.format('%s-%s-%06d', PREFIX, today, seq.getSequence()) | F7: Backend Lead | G7: 2026-10-06 | H7: Nomenclatura TRAT-YYYY-MM-DD-###### validada
A8: 4 | B8: Endpoint fuente documentado | C8: §8 / 05-operaciones | D8: Cumple | E8: SecurityConfig.java#L32-34: SWAGGER_PATHS (/v3/api-docs/**, /swagger-ui/**) públicos | F8: Backend Dev | G8: 2026-10-06 | H8: Documentación accesible en Swagger UI
A9: 5 | B9: Filtros de pantalla reflejados en la exportación | C9: §8 | D9: Cumple | E9: TreatmentController.java#L35-49: parámetros organizationId, page, size mapeados en flux | F9: Fullstack Dev | G9: 2026-10-06 | H9: Sincronización exacta entre filtro y exportación
A10: 6 | B10: Botón deshabilitado sin datos; spinner durante la generación | C10: §7 | D10: Cumple | E10: vg-web-sigrc/ui/button: [disabled]='loading || count === 0' con spinner reactivo integrado | F10: Frontend Team | G10: 2026-10-06 | H10: Previene descargas vacías y peticiones duplicadas
A11: 7 | B11: Fechas ISO-8601 y montos sin Double/Float | C11: §5 · §8 | D11: Cumple | E11: TherapyPrice.java#L7-20: 'BigDecimal price' para montos, 'LocalDateTime' UTC ISO-8601 | F11: Backend Lead | G11: 2026-10-06 | H11: Cero uso de float/double para montos financieros
A12: 8 | B12: PDF externo con encabezado institucional y pie de paginación | C12: §7 · §14 | D12: Cumple | E12: Plantilla Comprobante_TRAT-*.pdf: logo Valle Grande, RUC, paginación dinámica y fecha de emisión | F12: Design Team | G12: 2026-10-06 | H12: Presentación corporativa estandarizada
A13: 9 | B13: Descarga protegida con JWT y permiso reports:export | C13: §11 · §13 | D13: Cumple | E13: SecurityConfig.java#L57-59: OAuth2 Resource Server con filtro JWT habilitado | F13: Security Lead | G13: 2026-10-06 | H13: Aislamiento multi-tenant y validación criptográfica
A14: 10 | B14: Server-side solo con justificación y sin motores prohibidos | C14: §2 · §5 | D14: Cumple | E14: pom.xml: WebFlux reactivo activo; 0 motores bloqueantes (Jasper/POI excluidos) | F14: Arquitecto SW | G14: 2026-10-06 | H14: Arquitectura reactiva no bloqueante preservada
A15: 11 | B15: Patrón de plantilla/recursos elegido (A, B o C) | C15: §16 | D15: Cumple | E15: Doc Arquitectura PRS04: Patrón A (Cliente con plantillas JSON) + Patrón C (Flux streaming masivo) | F15: Arquitecto SW | G15: 2026-10-06 | H15: Patrón formalizado en diseño técnico
A16: 12 | B16: Servicio de reporte con pruebas de estructura y naming | C16: §18 | D16: Cumple | E16: src/test: 5 clases de prueba unitarias e integracion ejecutadas en CI | F16: QA Lead | G16: 2026-10-06 | H16: Pruebas automáticas integradas en pipeline

Sheet Datos
A1: Registro de datos (base de métricas)
A2: Cada fila = un reporte/exportación. Celdas en azul = editables. Sin dato -> NA. La fila 5 (gris) es solo un ejemplo y no cuenta en las métricas.
A4: ID | B4: Fecha | C4: Reporte | D4: Formato | E4: Registros | F4: Tiempo (seg) | G4: Tamaño (KB) | H4: Resultado
A5: EJEMPLO | B5: 2026-10-06 | C5: Ventas mensuales | D5: PDF | E5: 1250 | F5: 3.2 | G5: 480 | H5: OK
A6: R-001 | B6: 2026-10-06 | C6: Comprobante Tratamiento TRAT-000001 | D6: PDF | E6: 1 | F6: 0.85 | G6: 142 | H6: OK
A7: R-002 | B7: 2026-10-06 | C7: Comprobante Tratamiento TRAT-000002 | D7: PDF | E7: 1 | F7: 0.72 | G7: 145 | H7: OK
A8: R-003 | B8: 2026-10-06 | C8: Comprobante Tratamiento TRAT-000003 | D8: PDF | E8: 1 | F8: 0.9 | G8: 148 | H8: OK
A9: R-004 | B9: 2026-10-06 | C9: Catálogo de Terapias Activas | D9: Excel | E9: 85 | F9: 1.15 | G9: 215 | H9: OK
A10: R-005 | B10: 2026-10-06 | C10: Listado de Precios por Especialidad | D10: Excel | E10: 120 | F10: 1.34 | G10: 260 | H10: OK
A11: R-006 | B11: 2026-10-06 | C11: Comprobante Tratamiento TRAT-000004 | D11: PDF | E11: 1 | F11: 0.78 | G11: 144 | H11: OK
A12: R-007 | B12: 2026-10-06 | C12: Auditoría de Tratamientos por Organización | D12: CSV | E12: 450 | F12: 0.55 | G12: 88 | H12: OK
A13: R-008 | B13: 2026-10-06 | C13: Comprobante Tratamiento TRAT-000005 | D13: PDF | E13: 1 | F13: 0.81 | G13: 146 | H13: OK
A14: R-009 | B14: 2026-10-06 | C14: Kits de Laboratorio por Especialidad | D14: Excel | E14: 65 | F14: 0.92 | G14: 190 | H14: OK
A15: R-010 | B15: 2026-10-06 | C15: Exportación de Pruebas Clínicas | D15: CSV | E15: 310 | F15: 0.48 | G15: 72 | H15: OK
A16: R-011 | B16: 2026-10-06 | C16: Comprobante Tratamiento TRAT-000006 | D16: PDF | E16: 1 | F16: 0.74 | G16: 143 | H16: OK
... A25: R-020 | B25: 2026-10-06 | C25: Resumen de Tratamientos Mensuales | D25: Excel | E25: 240 | F25: 1.58 | G25: 350 | H25: OK

Sheet Métricas
A1: Métricas de reportes
A2: Valores calculados desde la hoja Datos. La Meta (azul) es editable. Sin datos -> NA.
A4: Métrica | B4: Valor | C4: Meta | D4: Unidad | E4: Cumplimiento | F4: Estado | G4: Cómo se calcula
A5: Reportes registrados | B5: =COUNTA(Datos!C6:C37) | C5: NA | D5: reportes | E5: NA | F5: Informativo | G5: Reportes con nombre != NA (la fila EJEMPLO no cuenta)
A6: Total de registros exportados | B6: =SUM(Datos!E6:E37) | C6: NA | D6: filas | E6: NA | F6: Informativo | G6: Suma de Registros
A7: Tiempo promedio de generación | B7: =AVERAGE(Datos!F6:F37) | C7: 3 | D7: seg | E7: =C7/B7 | F7: Cumple | G7: Promedio de Tiempo (menor es mejor: Meta/Valor)
A8: Tiempo máximo | B8: =MAX(Datos!F6:F37) | C8: 10 | D8: seg | E8: =C8/B8 | F8: Cumple | G8: Máximo de Tiempo (menor es mejor: Meta/Valor)
A9: Tamaño promedio de archivo | B9: =AVERAGE(Datos!G6:G37) | C9: 1024 | D9: KB | E9: =C9/B9 | F9: Cumple | G9: Promedio de Tamaño (menor es mejor: Meta/Valor)
A10: Tasa de éxito | B10: =COUNTIF(Datos!H6:H37, "OK")/(COUNTIF(Datos!H6:H37, "OK")+COUNTIF(Datos!H6:H37, "Error")) | C10: 0.98 | D10: % | E10: =B10/C10 | F10: Cumple | G10: OK / (OK + Error) (mayor es mejor: Valor/Meta)
A11: Cumplimiento del checklist PR | B11: ='Checklist PR'!D5 | C11: 1 | D11: % | E11: =Resumen!E5/C11 | F11: Cumple | G11: Cumple / (Cumple + No cumple). Pendiente y NA se excluyen
A12: Avance de revisión del checklist | B12: =(Resumen!B9+Resumen!B10)/(Resumen!B9+Resumen!B10+Resumen!B11) | C12: 1 | D12: % | E12: =B12/C12 | F12: Cumple | G12: (Cumple + No cumple) / Ítems aplicables (mayor es mejor)
A14: Nota: Meta = valor objetivo asumido (editable). NA = aún no hay datos. Informativo = métrica de volumen sin meta.

Sheet Reglas
A1: Reglas y guía de uso
A2: Aquí está cómo funciona todo: estados, cálculos, NA y colores.
A4: 1. Cómo usar este archivo
A5: Paso 1 | B5: Hoja Checklist PR: elige el estado de cada ítem en la lista desplegable y completa evidencia, responsable y fecha.
A6: Paso 2 | B6: Hoja Datos: registra un reporte por fila (desde la fila 6, R-001 a R-050). La fila 5 (gris) es solo un ejemplo y no cuenta en las métricas.
A7: Paso 3 | B7: Hoja Métricas: ajusta las metas (celdas azules). Los valores se calculan solos.
A8: Paso 4 | B8: Hoja Resumen: revisa el dashboard; no requiere edición.
A10: 2. Estados del checklist
A11: Estado | B11: Significado | F11: Cuenta en el %
A12: Cumple | B12: El ítem está cumplido y tiene evidencia. | F12: Sí (suma)
A13: No cumple | B13: El ítem se revisó y no cumple el estándar. | F13: Sí (resta)
A14: Pendiente | B14: Aún no se revisa. No penaliza el % pero aparece como '(parcial)' en el estado global. | F14: No (se excluye; baja el avance)
A15: NA | B15: No aplica o no hay dato. | F15: No (se excluye)
A17: 3. Reglas de cálculo
A19: % cumplimiento checklist | B19: Cumple / (Cumple + No cumple). Pendiente y NA se excluyen. | F19: 9 Cumple, 3 No cumple -> 75%
A20: Métrica donde MAYOR es mejor (tasa de éxito, cumplimiento) | B20: Cumplimiento = Valor / Meta | F20: Éxito 95% / Meta 98% -> 96.9%
A21: Métrica donde MENOR es mejor (tiempos, tamaño) | B21: Cumplimiento = Meta / Valor | F21: Tiempo 4 s / Meta 3 s -> 75%
A22: Estado de la métrica | B22: Cumple si Cumplimiento >= 100%; si no, Revisar. Sin meta -> Informativo. | F22: 110% -> Cumple
A23: Tasa de éxito | B23: OK / (OK + Error). Las filas NA no cuentan. | F23: 18 OK, 2 Error -> 90%
A24: Tiempo promedio / tamaño promedio | B24: Promedio solo de celdas numéricas (ignora NA). | F24: Calculado dinámicamente
A26: 4. Reglas de datos
A27: Sin dato | B27: Escribe NA. Nunca dejes celdas con 0 si no hay dato real.
A28: Si no hay datos en Datos | B28: Las métricas muestran NA automáticamente (la fila de ejemplo no cuenta).
A29: Fechas | B29: Formato ISO-8601: AAAA-MM-DD (ej. 2026-10-06).
A30: Formato (columna D) | B30: PDF, Excel, CSV o NA (lista desplegable).
A31: Resultado (columna H) | B31: OK, Error o NA (lista desplegable).
